Employee_id,first_name,last_name,hire_date,salary,manager_id,department_id
101,John,Doe,15-08-2005,5000,102,1
102,Jane,Smith,22-04-2002,6000,107,1
103,Michael,Johnson,10-11-2008,4500,102,1
104,Emily,Brown,01-07-2010,5500,102,1
105,David,Williams,18-09-2003,4000,107,2
106,Sarah,Jones,28-02-2006,6500,105,2
107,Christopher,Anderson,null,4800,null,null
108,Olivia,Taylor,05-06-2009,5200,117,4
109,Matthew,Thomas,22-07-2004,4200,105,2
110,Jessica,Lee,12-01-2007,5800,105,2
111,Daniel,Miller,30-05-2005,5300,117,4
112,Sophia,Wilson,08-12-2003,4700,107,3
113,Andrew,Clark,03-09-2004,3900,115,5
114,Ava,Taylor,21-02-2008,6200,115,5
115,James,Moore,10-10-2002,4600,107,5
116,Isabella,White,25-06-2006,5400,112,3
117,Joseph,Hall,18-03-2003,4300,107,4
118,Mia,Anderson,05-09-2009,5700,112,3
119,Christopher,Garcia,30-04-2007,5100,112,3
120,Abigail,Thomas,10-08-2005,5000,112,3